{"mean": [6286.7589329179245, 336.555252653101, 206927287733868.28, 205564140952754.0, 1363146781114.276, 1.4406581637620486, 20.476097750949275, 97.41286145458086, 7142.4956674131045, 23340.366079252264, 191905.34436763704, 196544.49372018303, 1589176370.8269398], "std": [71699.09712132065, 3182.1681166513204, 2735146374487913.0, 2735124701438544.0, 2785232773274.772, 0.49647814233553966, 72.87725828094973, 233.94122767281362, 16393.684405195607, 46522.95607056265, 635883.625943752, 301478.4595344618, 50559001.37682929]}